iter	R2	RMSE
0	0.01140489117	0.6669507998
1	0.02073778514	0.6637951389
2	0.03063483003	0.6604322532
3	0.03373555867	0.6593751379
4	0.0428770637	0.6562486618
5	0.04659530551	0.6549727204
6	0.05517376978	0.652019433
7	0.06274431712	0.6494019826
8	0.06989398248	0.646920325
9	0.07830222322	0.6439895779
10	0.08390523119	0.6420291852
11	0.09026622949	0.6397963045
12	0.09130620894	0.6394305023
13	0.09953574401	0.6365284333
14	0.1038222241	0.6350115928
15	0.1083868289	0.6333923397
16	0.1132356097	0.6316677311
17	0.1165798964	0.6304754902
18	0.1219550308	0.6285545122
19	0.1243564567	0.6276943851
20	0.126433974	0.6269493215
21	0.1315067089	0.6251263464
22	0.1461804213	0.6198229085
23	0.150206606	0.6183597947
24	0.1543430219	0.6168530088
25	0.1586155201	0.6152927777
26	0.1647364803	0.6130506058
27	0.1738272946	0.6097053284
28	0.1783537607	0.6080327961
29	0.1825664615	0.6064720563
30	0.1894097106	0.6039281419
31	0.1966723054	0.601216566
32	0.2004846662	0.5997882695
33	0.2022190115	0.5991373722
34	0.2043681065	0.5983298377
35	0.2088122919	0.596656443
36	0.211672171	0.5955771099
37	0.2154231966	0.5941584813
38	0.2191676905	0.5927389366
39	0.2228986668	0.5913211271
40	0.2268775351	0.5898053606
41	0.2304148746	0.5884545179
42	0.2333087449	0.5873470933
43	0.2392111518	0.5850818662
44	0.2434569941	0.5834469573
45	0.247142653	0.5820240296
46	0.250416635	0.5807571147
47	0.2582687947	0.5777072852
48	0.2609733074	0.5766531004
49	0.2666527773	0.5744330178
50	0.2720980516	0.5722963946
51	0.2773312739	0.5702354324
52	0.2812642061	0.5686816383
53	0.2844109727	0.5674353727
54	0.2884125396	0.5658466019
55	0.2905298492	0.565004144
56	0.2952731437	0.5631122564
57	0.2981809807	0.5619493014
58	0.3038682024	0.5596677793
59	0.3101854599	0.557122555
60	0.3151568659	0.555111369
61	0.3241251153	0.5514647068
62	0.3284331688	0.5497043681
63	0.3324262701	0.5480676748
64	0.3348177894	0.547085094
65	0.3437601876	0.543395273
66	0.3468605617	0.5421101306
67	0.3500426094	0.5407879577
68	0.3573534985	0.537737895
69	0.3616080575	0.5359549266
70	0.3651683326	0.5344583422
71	0.3706627043	0.5321404883
72	0.373519363	0.5309313809
73	0.3749661596	0.5303179591
74	0.3773364539	0.5293114507
75	0.3805176421	0.5279575931
76	0.3860638186	0.5255888983
77	0.3903165032	0.5237653798
78	0.3923390253	0.5228959065
79	0.3953479374	0.5215997064
80	0.3996192492	0.5197541298
81	0.4023513137	0.518570197
82	0.404029058	0.5178418095
83	0.4085558279	0.5158713955
84	0.4114305157	0.5146161835
85	0.4156310991	0.5127765035
86	0.4171596617	0.512105417
87	0.4215798841	0.5101598344
88	0.4245720661	0.5088385886
89	0.427126473	0.5077079288
90	0.430224465	0.5063332734
91	0.4326955127	0.5052341273
92	0.4349959119	0.5042087337
93	0.4371447704	0.5032490013
94	0.4417151014	0.5012016698
95	0.4430069934	0.5006214343
96	0.4465565114	0.4990237438
97	0.4506348254	0.4971816961
98	0.4528119532	0.4961955554
99	0.4578702817	0.4938967592
100	0.4599824886	0.4929336776
101	0.4632731947	0.491429487
102	0.4662804925	0.4900508054
103	0.46876777	0.4889075871
104	0.4711390996	0.4878151669
105	0.4751189266	0.4859762275
106	0.4769976765	0.4851057005
107	0.478009084	0.484636413
108	0.4814204643	0.4830501889
109	0.4840852894	0.4818074651
110	0.4881970887	0.4798836406
111	0.490594787	0.4787582397
112	0.4947765109	0.4767891192
113	0.499131327	0.4747298102
114	0.5025244042	0.4731190764
115	0.5047958693	0.4720377138
116	0.5080680142	0.4704755946
117	0.5114802586	0.4688410482
118	0.5142979623	0.4674869928
119	0.5153100287	0.4669996831
120	0.5186829596	0.4653719338
121	0.5205071164	0.4644892336
122	0.5225188026	0.4635138399
123	0.5245755901	0.4625144515
124	0.5290154618	0.4603497313
125	0.5299568267	0.4598894467
126	0.5322087371	0.4587864914
127	0.5342772111	0.4577710393
128	0.5363557806	0.4567483569
129	0.5392290648	0.4553308827
130	0.5424820059	0.4537207682
131	0.5446579011	0.4526405643
132	0.5478503899	0.4510509993
133	0.5486419416	0.4506560121
134	0.5519145076	0.4490193021
135	0.5534390146	0.4482548092
136	0.5541990306	0.4478731974
137	0.5550654678	0.4474377534
138	0.5559048116	0.4470155212
139	0.5587903279	0.4455609089
140	0.5621415998	0.4438655222
141	0.5654631704	0.442178747
142	0.5662560345	0.441775159
143	0.5672049117	0.4412916711
144	0.5678221005	0.4409769062
145	0.5709599595	0.4393731173
146	0.5720228023	0.4388285596
147	0.5730549614	0.4382990754
148	0.5737200423	0.4379575585
149	0.574284648	0.437667426
150	0.5749598776	0.4373201949
151	0.5756139213	0.4369835953
152	0.5801499729	0.4346419713
153	0.5843831566	0.4324452576
154	0.5865108726	0.4313369034
155	0.5871413061	0.4310079553
156	0.5882150591	0.4304471128
157	0.5909469927	0.4290168639
158	0.591662374	0.428641552
159	0.5921598609	0.4283803606
160	0.5940896034	0.4273656935
161	0.5945714271	0.4271119724
162	0.5954352062	0.4266567416
163	0.5972795152	0.4256831204
164	0.5980916612	0.425253677
165	0.5988368381	0.4248592634
166	0.5996521715	0.4244272969
167	0.6032700262	0.4225052169
168	0.6037883017	0.4222291529
169	0.6042145827	0.4220019553
170	0.6075856757	0.4202009162
171	0.6119967915	0.4178325096
172	0.612765362	0.4174184758
173	0.616822929	0.4152257953
174	0.6185417865	0.4142934377
175	0.6208962843	0.4130128743
176	0.624759926	0.4109028707
177	0.6277453241	0.4092650415
178	0.6289890742	0.4085807663
179	0.6303704882	0.4078194065
180	0.6310656769	0.4074357185
181	0.6316614054	0.4071066367
182	0.6353447711	0.4050660003
183	0.6358889019	0.404763672
184	0.637218384	0.4040240377
185	0.6393838735	0.4028163974
186	0.6406692824	0.4020978411
187	0.6439076221	0.4002818588
188	0.6473974351	0.3983155878
189	0.6510791184	0.3962306341
190	0.6516870906	0.3958852805
191	0.6551690931	0.3939015241
192	0.658497481	0.3919959
193	0.6590998199	0.3916500482
194	0.6615657642	0.3902309523
195	0.6648907334	0.3883092961
196	0.6655158444	0.387946952
197	0.6684351039	0.38625031
198	0.671505242	0.3844579012
199	0.6727705721	0.3837167395
200	0.673820589	0.3831006079
201	0.6750289378	0.3823903413
202	0.6756180304	0.3820435942
203	0.6770506656	0.3811990115
204	0.6776175107	0.3808643218
205	0.6806787079	0.3790517517
206	0.6816264748	0.3784888082
207	0.6845302393	0.3767588279
208	0.6863363623	0.3756787727
209	0.6890845854	0.3740293616
210	0.6919315489	0.3723129835
211	0.6945507114	0.3707269242
212	0.6972987067	0.3690555215
213	0.6989258142	0.3680622946
214	0.7000752618	0.3673590246
215	0.7025106894	0.3658644831
216	0.703638025	0.3651706034
217	0.7061774648	0.363602717
218	0.7072918038	0.3629125699
219	0.7088722806	0.3619314712
220	0.7099501065	0.3612608705
221	0.7124116039	0.3597246911
222	0.7147647722	0.3582499594
223	0.7158130823	0.3575910248
224	0.7168508285	0.3569375321
225	0.7187936697	0.3557108525
226	0.7202937635	0.3547608149
227	0.722275365	0.3535019154
228	0.7244262874	0.3521303534
229	0.7265491525	0.350771424
230	0.7287273521	0.3493715786
231	0.7301469684	0.3484562188
232	0.7315532345	0.3475470902
233	0.7335775333	0.3462342219
234	0.7340279892	0.3459413989
235	0.7358895942	0.3447286076
236	0.7378165267	0.3434687466
237	0.739794738	0.3421705331
238	0.7402258691	0.3418869464
239	0.7410323368	0.3413558405
240	0.7417881921	0.3408573146
241	0.744162665	0.3392864614
242	0.7461145932	0.3379896787
243	0.7478723007	0.3368176561
244	0.7489255406	0.3361134078
245	0.7509645093	0.3347458418
246	0.7517604461	0.3342104768
247	0.7520531013	0.3340134146
248	0.7542377453	0.3325386737
249	0.7559975783	0.3313459276
250	0.7577831087	0.3301313607
251	0.7580682199	0.3299370063
252	0.7596343346	0.3288673697
253	0.761498964	0.3275892969
254	0.7627600827	0.3267220542
255	0.7630327469	0.3265342464
256	0.7637568858	0.3260349431
257	0.7640213961	0.325852369
258	0.764698107	0.3253848135
259	0.7662355012	0.3243200866
260	0.7671646902	0.3236748759
261	0.7678255175	0.3232152266
262	0.7685055893	0.322741508
263	0.7696715748	0.3219276936
264	0.7714569367	0.3206775752
265	0.7721031565	0.3202238863
266	0.7736894739	0.3191074519
267	0.7748330824	0.3183001624
268	0.7762572427	0.3172919559
269	0.7764791619	0.3171345639
270	0.7771301791	0.3166723909
271	0.7774894003	0.316417082
272	0.7783166561	0.3158283424
273	0.7791623286	0.3152253594
274	0.780518238	0.3142561518
275	0.7815991759	0.3134813478
276	0.7822142859	0.3130395879
277	0.783891322	0.3118319944
278	0.7850439666	0.3109992837
279	0.7865892894	0.3098793775
280	0.7871897904	0.3094430968
281	0.7875256994	0.3091987811
282	0.7881076612	0.3087750468
283	0.788886149	0.3082073086
284	0.7906213224	0.3069380963
285	0.7916582339	0.3061771243
286	0.7928720698	0.3052839003
287	0.7934260102	0.3048754033
288	0.7944345553	0.3041302542
289	0.7949701979	0.3037337592
290	0.7959324467	0.3030201771
291	0.7970869766	0.3021617798
292	0.7976746171	0.301723929
293	0.7991213701	0.3006432363
294	0.799694282	0.3002142084
295	0.8006999634	0.2994596125
296	0.8012015461	0.2990825468
297	0.8021536112	0.2983655196
298	0.8035776875	0.2972897795
299	0.8041212951	0.296878113
300	0.8053242247	0.2959651157
301	0.8068240606	0.2948228128
302	0.8081921212	0.2937769991
303	0.8095293898	0.2927511135
304	0.8107543619	0.291808211
305	0.8110520113	0.2915786398
306	0.811531685	0.2912082959
307	0.8131155637	0.2899820638
308	0.8144099523	0.2889760901
309	0.8148167964	0.2886591746
310	0.8153162086	0.2882696759
311	0.8158140257	0.2878808967
312	0.8171121813	0.2868646006
313	0.8175989303	0.2864826066
314	0.8184738713	0.2857946811
315	0.8199463744	0.2846331666
316	0.821169754	0.2836645443
317	0.8220896445	0.2829340282
318	0.8223205043	0.2827503983
319	0.8237172394	0.2816368579
320	0.824631162	0.2809058484
321	0.8254163317	0.2802763004
322	0.8258717342	0.2799105105
323	0.8270404071	0.2789696105
324	0.8280754054	0.2781336745
325	0.8290069504	0.2773791404
326	0.8299873352	0.2765828238
327	0.8311662605	0.2756221962
328	0.8318602628	0.2750551312
329	0.8322868531	0.2747059859
330	0.8330113027	0.2741120372
331	0.8336881943	0.2735559141
332	0.8341188156	0.2732015335
333	0.8351247237	0.272371923
334	0.8362307642	0.2714568031
335	0.837485905	0.2704145688
336	0.8377478866	0.2701965193
337	0.8381180845	0.2698881003
338	0.8393151984	0.2688883396
339	0.8395881136	0.2686598958
340	0.8397686622	0.2685086607
341	0.8401720963	0.2681704191
342	0.8413094068	0.2672145861
343	0.8424430736	0.2662584007
344	0.8427061072	0.2660360552
345	0.8440192223	0.2649232716
346	0.8455513325	0.2636189657
347	0.8467790466	0.2625691203
348	0.8471704558	0.2622335341
349	0.8485938504	0.2610095071
350	0.8497449653	0.2600154088
351	0.8508879605	0.2590245478
352	0.8522166639	0.257867911
353	0.8527875118	0.2573693914
354	0.8538635147	0.2564270865
355	0.8542148457	0.2561186591
356	0.8554393355	0.2550407853
357	0.8559747195	0.2545680722
358	0.8569836165	0.2536748807
359	0.8580712034	0.252708488
360	0.8584781039	0.2523459786
361	0.8589886922	0.2518903554
362	0.8601147892	0.2508825584
363	0.8604941576	0.250542131
364	0.8614900284	0.2496462743
365	0.8618555603	0.2493166447
366	0.8625441681	0.2486944848
367	0.86300373	0.2482784014
368	0.8633415344	0.2479721109
369	0.8643901942	0.2470188616
370	0.865319787	0.2461707599
371	0.8662666427	0.2453038942
372	0.8665904576	0.2450067312
373	0.8672411456	0.2444085064
374	0.8676542098	0.2440279855
375	0.8684347528	0.2433073127
376	0.8693985352	0.2424144997
377	0.8701923061	0.2416767022
378	0.8710983711	0.2408317667
379	0.8719930528	0.2399945277
380	0.8725297322	0.2394909011
381	0.8728243608	0.2392139672
382	0.8736807837	0.2384071523
383	0.8745653335	0.2375709633
384	0.8753016802	0.2368726233
385	0.8761062623	0.2361072085
386	0.8769290968	0.2353218548
387	0.8771714756	0.2350900164
388	0.8778586332	0.2344314948
389	0.8783126154	0.2339954148
390	0.8785452824	0.2337716076
391	0.8792237924	0.2331177073
392	0.88005715	0.2323120574
393	0.8808079595	0.2315838109
394	0.8810317081	0.231366343
395	0.8812472818	0.231156627
396	0.8818892814	0.230530942
397	0.8823140747	0.2301160084
398	0.8824810572	0.2299526966
399	0.8832759547	0.2291736777
400	0.8834235133	0.2290287751
401	0.8838339176	0.2286252749
402	0.8842131015	0.2282518359
403	0.8850185771	0.2274565294
404	0.8856270287	0.2268539109
405	0.8863923151	0.2260936807
406	0.8871206225	0.2253678035
407	0.8877033877	0.2247852946
408	0.8883956927	0.2240913264
409	0.8887864239	0.223698706
410	0.888942821	0.2235413595
411	0.8894992947	0.2229806073
412	0.8898582552	0.2226181376
413	0.8907737856	0.2216909732
414	0.8913453333	0.2211101917
415	0.8919544714	0.2204895282
416	0.8925018643	0.219930284
417	0.8931487131	0.2192675922
418	0.8936751864	0.218726742
419	0.8945316901	0.2178439796
420	0.8949662325	0.2173947445
421	0.8959081851	0.216417741
422	0.8967207697	0.2155713618
423	0.8973321084	0.2149324012
424	0.8980994065	0.2141277363
425	0.8986819757	0.2135147711
426	0.8995570966	0.2125906687
427	0.9002210636	0.2118868497
428	0.900945829	0.2111159048
429	0.9014954855	0.2105293436
430	0.9023154314	0.2096512955
431	0.9030368215	0.2088757348
432	0.9037213086	0.2081371763
433	0.9043138023	0.2074957556
434	0.9047668628	0.2070039414
435	0.905157314	0.2065791525
436	0.9056681837	0.2060220324
437	0.9059967684	0.2056629026
438	0.9064200687	0.2051993261
439	0.9071241223	0.2044259546
440	0.9077180635	0.2037712543
441	0.9080829878	0.2033679536
442	0.9085387287	0.2028631598
443	0.9088106454	0.2025613767
444	0.9092478475	0.2020752088
445	0.9099764496	0.2012623955
446	0.91011375	0.2011088581
447	0.9108040443	0.2003351477
448	0.9111576618	0.1999376389
449	0.9112917103	0.1997867454
450	0.911717763	0.1993063949
451	0.9120591381	0.1989206767
452	0.9121880869	0.1987747832
453	0.9124132679	0.1985197549
454	0.9129766082	0.1978803055
455	0.9134398216	0.1973529581
456	0.9135648363	0.197210393
457	0.9140060654	0.1967063949
458	0.9143388582	0.1963254034
459	0.9148681685	0.1957179045
460	0.9153028649	0.195217582
461	0.9155645675	0.1949157508
462	0.915777916	0.1946693419
463	0.9162744859	0.1940946123
464	0.9168104735	0.1934723448
465	0.9171134478	0.1931197125
466	0.917465965	0.1927086051
467	0.9177317484	0.1923980663
468	0.9183272112	0.191700507
469	0.9185328748	0.1914589904
470	0.9186501139	0.1913211769
471	0.9192709879	0.1905896831
472	0.9195081491	0.1903095253
473	0.9199019732	0.1898433889
474	0.9202079059	0.1894804906
475	0.9204029354	0.1892487828
476	0.9207202087	0.1888712341
477	0.9208322958	0.1887376723
478	0.9210211856	0.1885123789
479	0.9214670182	0.187979553
480	0.9215755217	0.1878496491
481	0.9220649203	0.1872626052
482	0.9227375296	0.1864527804
483	0.923104948	0.186008918
484	0.9234151618	0.1856333357
485	0.9236538401	0.1853438447
486	0.923863211	0.1850895277
487	0.924206027	0.1846723626
488	0.9246046965	0.1841860423
489	0.9249849308	0.1837210108
490	0.9252617653	0.1833816968
491	0.9254878361	0.1831041371
492	0.9257107042	0.182830097
493	0.9260696589	0.1823878585
494	0.9266171735	0.1817112377
495	0.9268963895	0.1813652097
496	0.9272794205	0.1808894484
497	0.9278203935	0.1802153684
498	0.928323796	0.1795858305
499	0.928662421	0.1791611132
500	0.9289905376	0.1787486134
501	0.9290867562	0.1786274691
502	0.9293346925	0.1783149252
503	0.9296528163	0.1779130999
504	0.9297693368	0.1777656945
505	0.9298622294	0.177648092
506	0.9301048555	0.1773405587
507	0.9303963753	0.1769703449
508	0.9307423693	0.1765299443
509	0.931050971	0.1761362096
510	0.931163547	0.1759923584
511	0.9314626031	0.1756096478
512	0.9315720345	0.1754693967
513	0.9318065109	0.1751685055
514	0.9320673149	0.1748332213
515	0.9325310472	0.1742354629
516	0.9329168083	0.1737366438
517	0.9330031362	0.1736248188
518	0.9330869555	0.1735161744
519	0.9335066659	0.1729711305
520	0.9336671266	0.1727622988
521	0.933948261	0.1723958063
522	0.9340526832	0.1722594809
523	0.9342088755	0.1720553667
524	0.9344813467	0.171698717
525	0.9347472434	0.1713499573
526	0.9348479641	0.1712176628
527	0.9351120023	0.1708703682
528	0.9352099454	0.1707413621
529	0.9353354299	0.1705759372
530	0.9355919561	0.1702372613
531	0.9356849625	0.1701143039
532	0.9358483249	0.1698981185
533	0.9360972282	0.1695682028
534	0.9361876368	0.169448209
535	0.9363209783	0.1692710781
536	0.9364075086	0.1691560319
537	0.936649027	0.1688345069
538	0.9369952501	0.1683725211
539	0.937313921	0.1679461768
540	0.937564081	0.1676107322
541	0.9379258643	0.1671244187
542	0.9383611437	0.1665374286
543	0.9386012021	0.1662128144
544	0.9389190396	0.1657820469
545	0.9391596656	0.1654551787
546	0.9393856249	0.165147645
547	0.9395111721	0.1649765258
548	0.9397450737	0.1646572465
549	0.9399756814	0.1643418563
550	0.9401951393	0.164041152
551	0.9404943794	0.1636302385
552	0.9407415794	0.163290006
553	0.9410659771	0.1628424443
554	0.9412909984	0.1625312653
555	0.9413988384	0.1623819235
556	0.9417075873	0.1619535918
557	0.9419808135	0.1615735944
558	0.9422067798	0.1612586485
559	0.9424405037	0.1609322419
560	0.9426548381	0.1606323307
561	0.9428605658	0.1603439347
562	0.9430825456	0.1600321733
563	0.9433700941	0.159627418
564	0.9434527619	0.1595108642
565	0.9437010109	0.1591603434
566	0.943919056	0.1588518315
567	0.9441274173	0.1585564606
568	0.9443838011	0.1581922565
569	0.9445730347	0.1579229033
570	0.9447033454	0.1577371529
571	0.9449081707	0.1574447435
572	0.9450894831	0.1571854472
573	0.9453860699	0.1567603715
574	0.9454677288	0.1566431334
575	0.9455473286	0.156528767
576	0.9457863846	0.1561847958
577	0.9461375703	0.1556781059
578	0.9465482932	0.1550834156
579	0.9467390197	0.1548064839
580	0.9468157761	0.1546948951
581	0.9469332646	0.1545239334
582	0.9470080831	0.1544149637
583	0.9474014474	0.1538407773
584	0.9475211378	0.1536656418
585	0.9476364603	0.1534967085
586	0.9478666202	0.1531589956
587	0.9480619941	0.1528717386
588	0.9481350525	0.1527641825
589	0.9483542057	0.1524410914
590	0.9486766664	0.1519644482
591	0.9489579764	0.1515474074
592	0.9491509078	0.1512607226
593	0.9495219445	0.1507078512
594	0.9497267918	0.150401743
595	0.9498204926	0.1502615159
596	0.9499113999	0.1501253442
597	0.950001912	0.1499896415
598	0.950268383	0.1495894134
599	0.950559493	0.149150951
600	0.9507694821	0.1488338689
601	0.9510404761	0.1484236686
602	0.9511484668	0.1482598881
603	0.9514166587	0.1478523593
604	0.9515214687	0.1476927905
605	0.9517502886	0.1473438214
606	0.9519363683	0.147059424
607	0.95207542	0.1468465429
608	0.9522667576	0.1465531092
609	0.9524856233	0.1462167368
610	0.9526675276	0.1459365799
611	0.9529144317	0.1455554521
612	0.9531444	0.1451995668
613	0.9533868728	0.1448233832
614	0.9535557376	0.1445608203
615	0.9537511079	0.1442564485
616	0.9538462818	0.144107942
617	0.9539387129	0.1439635686
618	0.9541089169	0.143697338
619	0.9542889504	0.1434151944
620	0.9544629206	0.1431420246
621	0.9546310925	0.1428774629
622	0.9547213274	0.1427353066
623	0.9548728521	0.1424962753
624	0.9550880357	0.1421561307
625	0.9554242733	0.1416229985
626	0.9555113549	0.1414845958
627	0.955693462	0.1411947268
628	0.9557780528	0.1410598767
629	0.9558602422	0.1409287312
630	0.9559925706	0.1407173246
631	0.9561037985	0.1405393819
632	0.9561838012	0.140411254
633	0.9566271832	0.1396990276
634	0.9567059715	0.1395720856
635	0.9568459047	0.1393463436
636	0.9569529303	0.1391734413
637	0.9570295558	0.1390495189
638	0.9572017022	0.1387707121
639	0.9573428009	0.1385417716
640	0.9577621753	0.1378590688
641	0.9581528191	0.1372200813
642	0.9582841248	0.1370046314
643	0.958515023	0.1366249436
644	0.9586495243	0.1364032833
645	0.9588878223	0.1360096773
646	0.9590112622	0.1358053382
647	0.9591368412	0.1355971421
648	0.9592546754	0.1354014952
649	0.9594740675	0.1350364703
650	0.9595951749	0.1348345483
651	0.9597101275	0.134642608
652	0.9598934068	0.1343360133
653	0.9600066952	0.1341461508
654	0.9601144002	0.1339653962
655	0.9602168132	0.1337932963
656	0.9604211144	0.1334493152
657	0.9605045517	0.1333085771
658	0.9607307701	0.1329262525
659	0.9608715381	0.1326877889
660	0.9609710042	0.1325190329
661	0.9611716767	0.1321779122
662	0.9614375317	0.1317246281
663	0.9616258202	0.1314026495
664	0.9617336	0.1312179874
665	0.9619432581	0.1308580281
666	0.9622431895	0.1303413512
667	0.9623847542	0.130096772
668	0.962663578	0.1296137026
669	0.9627959257	0.1293837757
670	0.9629312764	0.1291482082
671	0.9630264483	0.1289823111
672	0.9630770862	0.1288939558
673	0.9632068115	0.1286673278
674	0.9633622587	0.1283952375
675	0.9634116804	0.1283086103
676	0.9635193701	0.128119647
677	0.9636804578	0.1278364646
678	0.9638049438	0.1276171956
679	0.9639231844	0.1274085776
680	0.9640470703	0.1271896323
681	0.9642502138	0.1268297959
682	0.9643781443	0.1266026624
683	0.9644419033	0.1264893096
684	0.9646992513	0.1260307519
685	0.9648460145	0.125768492
686	0.9649493345	0.1255835347
687	0.9651917003	0.1251485938
688	0.9653072296	0.124940736
689	0.9656418995	0.1243366441
690	0.9657645264	0.124114562
691	0.9658724071	0.1239188566
692	0.965984424	0.1237153202
693	0.9663025502	0.1231354456
694	0.9665287869	0.1227213983
695	0.9666476958	0.1225032161
696	0.9667967013	0.1222292607
697	0.9670983282	0.1216728138
698	0.967177919	0.1215255583
699	0.9672929091	0.121312493
700	0.9675535195	0.1208282169
701	0.9676582967	0.120632968
702	0.9679445699	0.1200978889
703	0.9680389945	0.1199208743
704	0.9681474394	0.1197172534
705	0.9683167134	0.1193987229
706	0.9685595183	0.118940337
707	0.9687719999	0.1185377433
708	0.9688729818	0.1183459305
709	0.968970814	0.1181598035
710	0.9690925433	0.117927802
711	0.9692507746	0.1176255479
712	0.9693369259	0.1174606542
713	0.9695659081	0.1170212527
714	0.9696482897	0.1168627639
715	0.9697976495	0.1165748702
716	0.9698415423	0.1164901308
717	0.9699574595	0.1162660442
718	0.9700471482	0.1160923647
719	0.9700897959	0.1160096876
720	0.9702491923	0.1157001572
721	0.9704289575	0.1153500765
722	0.9705402218	0.1151328632
723	0.9706906629	0.1148385148
724	0.9707823267	0.1146587976
725	0.9708740581	0.1144786657
726	0.9709701145	0.1142897362
727	0.9710236736	0.1141842573
728	0.9711157944	0.1140026071
729	0.9712031027	0.1138301787
730	0.9712903682	0.1136575736
731	0.9713789036	0.1134821884
732	0.9716431583	0.1129570908
733	0.9717859561	0.1126723202
734	0.9719229911	0.1123983637
735	0.9719981637	0.1122477968
736	0.9720498348	0.1121441848
737	0.9722605175	0.1117207253
738	0.9723439601	0.1115525662
739	0.9723963557	0.1114468455
740	0.9724810617	0.1112757182
741	0.9725984043	0.1110382212
742	0.9727265601	0.110778257
743	0.972798559	0.1106319391
744	0.9728797268	0.1104667557
745	0.9731143705	0.1099878402
746	0.9731595312	0.1098954262
747	0.9732391783	0.1097322518
748	0.973306425	0.109594293
749	0.9733848214	0.109433241
750	0.9734613496	0.1092757978
751	0.9735443491	0.1091047841
752	0.9737352152	0.1087104998
753	0.9738176923	0.1085396783
754	0.973867879	0.1084356031
755	0.9739235977	0.1083199386
756	0.9739883024	0.1081854652
757	0.9740416207	0.1080745301
758	0.9741170431	0.10791741
759	0.9741970974	0.10775039
760	0.9743812941	0.1073651075
761	0.9744581069	0.1072040298
762	0.9745059007	0.1071036831
763	0.974641647	0.1068181595
764	0.9748174574	0.1064472282
765	0.9748923026	0.1062889244
766	0.975032868	0.1059909776
767	0.9750841308	0.1058821108
768	0.9751617113	0.1057171396
769	0.9753438637	0.1053287864
770	0.9754049317	0.1051982669
771	0.9754540436	0.1050931836
772	0.9755262825	0.1049384248
773	0.9756959674	0.1045740043
774	0.9757717199	0.1044109054
775	0.9758173501	0.1043125382
776	0.9758763915	0.104185122
777	0.9759234767	0.1040833965
778	0.9759930034	0.103933005
779	0.9761384107	0.1036177726
780	0.976205387	0.1034722497
781	0.9762787514	0.103312612
782	0.9763221789	0.1032179992
783	0.9764841866	0.1028642755
784	0.9765289894	0.1027662392
785	0.9766334725	0.1025372481
786	0.9767040178	0.1023823473
787	0.9768586703	0.102041944
788	0.9769271937	0.1018907547
789	0.9769833887	0.1017665989
790	0.9770840693	0.1015437784
791	0.9771063046	0.1014945025
792	0.9771488133	0.1014002319
793	0.977219844	0.101242513
794	0.9772908114	0.1010846886
795	0.9773450311	0.1009639433
796	0.9773666508	0.1009157567
797	0.9774897094	0.1006410408
798	0.9775307139	0.1005493359
799	0.9775963667	0.1004023312
800	0.9776602853	0.1002590026
801	0.9776928944	0.1001858022
802	0.9777590111	0.1000372203
803	0.9778593282	0.09981135846
804	0.9780078021	0.09947613118
805	0.9780699373	0.0993355053
806	0.9782128452	0.09901131503
807	0.9782733356	0.09887377063
808	0.9783369778	0.09872885289
809	0.9784349922	0.09850525025
810	0.9784863288	0.09838793204
811	0.9786244994	0.09807147703
812	0.9786883306	0.09792493773
813	0.9787813661	0.09771095969
814	0.9789408658	0.09734302217
815	0.9790360006	0.0971228992
816	0.9790669763	0.09705112005
817	0.979115681	0.09693815015
818	0.979155604	0.09684545125
819	0.9792461767	0.09663481641
820	0.9793066639	0.09649389226
821	0.9793479081	0.0963976826
822	0.9793951442	0.09628737748
823	0.9794754097	0.09609965255
824	0.9795310935	0.09596920333
825	0.9795706695	0.09587638175
826	0.97960835	0.09578792219
827	0.9796624008	0.0956608887
828	0.9797081813	0.09555316027
829	0.9797443037	0.09546807326
830	0.9798069574	0.09532031084
831	0.9798655019	0.0951820323
832	0.979973708	0.09492592575
833	0.9801070271	0.09460942755
834	0.9802353399	0.09430381115
835	0.9803588542	0.09400868514
836	0.9804126236	0.09387991848
837	0.9805315334	0.09359452452
838	0.9805838853	0.09346859916
839	0.9806392453	0.09333525324
840	0.9807015153	0.09318503533
841	0.9807585652	0.09304719727
842	0.9807934366	0.0929628439
843	0.9808486892	0.09282903193
844	0.9809026967	0.09269804861
845	0.9809783946	0.09251414792
846	0.9810573144	0.09232202995
847	0.9811098427	0.09219393601
848	0.9811662065	0.09205629055
849	0.9812018776	0.09196907215
850	0.9812364358	0.091884496
851	0.9813513339	0.09160273805
852	0.9814619732	0.09133060234
853	0.9815685272	0.09106774623
854	0.9816158176	0.09095084298
855	0.9816633694	0.09083314194
856	0.9817660351	0.09057850046
857	0.9818119726	0.0904643296
858	0.9818565711	0.09035334856
859	0.9819484811	0.09012420434
860	0.9819921412	0.09001514949
861	0.9820341311	0.08991014178
862	0.9821313538	0.08966653636
863	0.9822307597	0.08941677431
864	0.982273684	0.08930870928
865	0.982369484	0.08906705264
866	0.9824111984	0.0889616224
867	0.9824517049	0.08885912533
868	0.982537717	0.08864108844
869	0.9825659847	0.08856931397
870	0.9825932415	0.08850005099
871	0.9826856778	0.0882647543
872	0.9827250787	0.08816426827
873	0.9827753527	0.08803588564
874	0.982813609	0.08793806647
875	0.9828372369	0.08787759705
876	0.9828744048	0.08778239104
877	0.9829636906	0.0875532615
878	0.9829998271	0.08746035551
879	0.9830488469	0.08733416886
880	0.9830748667	0.08726711492
881	0.9831793652	0.08699729722
882	0.9832271185	0.08687371796
883	0.9833111586	0.08665580524
884	0.9833454967	0.08656661008
885	0.9833680344	0.08650801716
886	0.9834469831	0.08630245452
887	0.983498283	0.08616861979
888	0.9835472273	0.08604073628
889	0.9835641155	0.08599656587
890	0.9836108179	0.08587429992
891	0.9836374877	0.08580440066
892	0.9836820681	0.08568743197
893	0.9837078235	0.08561978287
894	0.9837428261	0.08552775935
895	0.9837884678	0.08540761621
896	0.9838683814	0.08519685065
897	0.9839883512	0.08487945788
898	0.9840305298	0.08476758755
899	0.9840910435	0.0846068286
900	0.9841353769	0.08448885959
901	0.9841590942	0.08442568135
902	0.9841820352	0.08436452609
903	0.9842283413	0.08424094979
904	0.984324931	0.08398259675
905	0.9843701809	0.08386129104
906	0.9844104061	0.08375330827
907	0.9844643923	0.08360816495
908	0.9845092727	0.08348731109
909	0.9845315616	0.08342722625
910	0.9845751861	0.08330950133
911	0.9846321268	0.08315559073
912	0.9846842229	0.08301452509
913	0.9847394229	0.08286479254
914	0.9847790954	0.08275701192
915	0.9848294384	0.08262003945
916	0.9848504753	0.08256273539
917	0.9849162966	0.08238318163
918	0.9849650268	0.08224999827
919	0.9849854601	0.08219408852
920	0.9850255483	0.08208428775
921	0.985069618	0.08196341199
922	0.9851207451	0.08182295511
923	0.9851569511	0.08172334395
924	0.9852144664	0.0815648552
925	0.9852342657	0.0815102252
926	0.9852839425	0.0813729961
927	0.98538442	0.08109472333
928	0.985420973	0.08099325249
929	0.9855011628	0.08077019963
930	0.9855315593	0.08068548858
931	0.9855630025	0.08059776694
932	0.9855972204	0.08050219565
933	0.9856259435	0.08042188403
934	0.9856586582	0.08033031352
935	0.9857357305	0.08011416978
936	0.9857634254	0.08003635891
937	0.9857919692	0.07995608381
938	0.9858226508	0.07986970624
939	0.9858969169	0.07966023823
940	0.9859231655	0.07958607219
941	0.985949984	0.07951022415
942	0.9859787892	0.07942867679
943	0.9860036642	0.07935818845
944	0.9860752785	0.07915490414
945	0.9860994871	0.07908606754
946	0.9861267601	0.07900844537
947	0.9861501271	0.0789418796
948	0.986176263	0.07886735934
949	0.98624512	0.07867069243
950	0.9862677181	0.07860604118
951	0.9862907596	0.07854006671
952	0.9863784769	0.0782883976
953	0.986401265	0.07822288416
954	0.9864488889	0.07808579229
955	0.9864946211	0.07795391923
956	0.9865295362	0.07785308816
957	0.9865534451	0.07778396617
958	0.9866412823	0.07752949503
959	0.9866755696	0.077429935
960	0.986710302	0.07732895206
961	0.9867542264	0.07720105447
962	0.9867868661	0.07710587794
963	0.986824759	0.07699523564
964	0.9868593642	0.0768940539
965	0.9869001325	0.07677468108
966	0.9869310996	0.07668388244
967	0.9869722987	0.076562916
968	0.9870009257	0.0764787502
969	0.9870467169	0.07634392746
970	0.9871208877	0.07612503997
971	0.9871497852	0.07603958917
972	0.9872288406	0.07580532818
973	0.9872968595	0.07560318977
974	0.9873908658	0.07532292945
975	0.9874244693	0.07522249416
976	0.9874569358	0.07512532982
977	0.9874700708	0.07508598414
978	0.987513229	0.07495655906
979	0.9875260202	0.0749181574
980	0.987595771	0.07470840358
981	0.9876389867	0.0745781501
982	0.9876986111	0.07439806557
983	0.9877103054	0.07436269386
984	0.9877376348	0.07427996529
985	0.9877490436	0.07424540264
986	0.9878043664	0.0740775744
987	0.9878311616	0.07399615118
988	0.9879012859	0.0737826375
989	0.9879651094	0.07358777016
990	0.9880216375	0.07341474495
991	0.9880375543	0.07336595235
992	0.9880722717	0.07325941366
993	0.9881331319	0.07307227464
994	0.9881864187	0.07290802883
995	0.9882171741	0.07281306278
996	0.9882326498	0.07276523032
997	0.9883175189	0.07250235472
998	0.9883451799	0.07241647085
999	0.9883693592	0.07234131375
